id,display_name,original_name,image_url,intelligence,strength,speed,durability,power,combat,super_powers
alien_x,Alien X,Celestialsapien,https://www.superherodb.com/pictures2/portraits/10/050/10987.jpg,100,100,100,100,100,100,Aleazlllll|Alien X|All Users|Amalgamcomics00's Epic Inter-universe Crossover|Amalgamcomics00's Favorite Ben 10 Aliens|Amalgamcomics00's Favorite Characters From Favorite Franchises|Amalgamcomics00's Top 10 Favorite Ben 10 Aliens|Ambush|Ben 10 - Ben 10|Ben 10 Aliens|Ben 10 Aliens(no Ultimates)|Ben 10 Franchise|Cartoon Network|Death Battle Combatants|Godly(green) Ranked Characters|Most Powerful Characters|Most Powerful Characters From My Favorite Franchises|Most Powerful Reality Warpers|Most Powerful Superheros|My Favorite Fictional Characters|Nigh-Omnipotence|Nigh-Omniscience|OfficalBalloony459|Roleplaying Collection|Rotemeg|Who Can Beat Galvatron|boomerman|mtrindadc|sonofchthon|yes
ampfibian,AmpFibian,Amperi,https://www.superherodb.com/pictures2/portraits/10/050/22146.jpg,70,25,50,50,75,50,Adaptation|Agility|Aleazlllll|All Users|Ambush|Amphibious Respiration|Animal Attributes|Ben 10 - Ben 10|Ben 10 Aliens|Ben 10 Aliens(no Ultimates)|Ben 10 Franchise|Cartoon Network|Cold Resistance|Danger Sense|Dexterity|Durability|Elasticity|Electrical Transport|Electricity Absorption|Electricity Resistance|Electrokinesis|Endurance|Energy Blasts|Energy Resistance|Enhanced Condition|Enhanced Hearing|Enhanced Sight|Enhanced Touch|Flight|Force Fields|Galactus|Indomitable Will|Intangibility|Intelligence|Invulnerability|Jump|Levitation|Longevity|Marksmanship|Multiple Limbs|Non-Physical Interaction|OfficalBalloony459|Phasing|Psionic Powers|Radiation Immunity|Reflexes|Rotemeg|Self-Sustenance|Stamina|Stealth|Super Speed|Super Strength|Supernatural Condition|Telekinesis|Telepathy|Telepathy Resistance|Tentacles|Toxin and Disease Resistance|Underwater breathing|Vision - Night|boomerman|mtrindadc|sonofchthon|yes
arctiguana,Arctiguana,Polar Manzardill,https://www.superherodb.com/pictures2/portraits/10/050/22147.jpg,50,25,25,50,65,60,Accelerated Healing|Acrobatics|Adaptation|Agility|Aleazlllll|All Users|Ambush|Amphibious Respiration|Animal Attributes|Ben 10 - Ben 10|Ben 10 Aliens|Ben 10 Aliens(no Ultimates)|Ben 10 Franchise|Cartoon Network|Cold Resistance|Danger Sense|Dexterity|Durability|Endurance|Energy Resistance|Enhanced Condition|Enhanced Sight|Enhanced Smell|Fire Resistance|Flight|Galactus|Heat Resistance|Ice Manipulation|Indomitable Will|Intelligence|Invulnerability|Jaw Strength|Jump|Longevity|Natural Armor|Natural Weapons|OfficalBalloony459|Radiation Immunity|Reflexes|Rotemeg|Stamina|Stealth|Super Breath|Super Speed|Super Strength|Surface Scaling|Toxin and Disease Resistance|Underwater breathing|Vision - Night|Wallcrawling|Wind Control|boomerman|mtrindadc|sonofchthon|yes
armodrillo,Armodrillo,Talpaedan,https://www.superherodb.com/pictures2/portraits/10/050/22148.jpg,50,100,25,95,80,70,Accelerated Healing|Adaptation|Agility|Aleazlllll|All Users|Ambush|Animal Attributes|Animal Oriented Powers|Ben 10 - Ben 10|Ben 10 Aliens|Ben 10 Aliens(no Ultimates)|Ben 10 Franchise|Berserk Mode|Cartoon Network|Cold Resistance|Danger Sense|Dexterity|Dig|Durability|Endurance|Enhanced Condition|Enhanced Sight|Enhanced Smell|Fire Resistance|Galactus|Heat Resistance|Indomitable Will|Intelligence|Invulnerability|Jump|Longevity|Marksmanship|Master Martial Artist|Natural Armor|Natural Weapons|OfficalBalloony459|Pressure Points|Radiation Immunity|Reflexes|Rotemeg|Sand Manipulation|Seismic Power|Self-Sustenance|Shockwaves Generation|Stamina|Stealth|Subterranean|Super Speed|Super Strength|Supernatural Condition|Terrakinesis|Toxin and Disease Resistance|Vibration Manipulation|Vision - Night|Weapon Creation|Weapon-based Powers|Weapons Master|Wind Control|boomerman|mtrindadc|sonofchthon|yes
astrodactyl,Astrodactyl,,https://www.superherodb.com/pictures2/portraits/10/050/22149.jpg,50,25,100,55,70,50,Accelerated Healing|Acrobatics|Adaptation|Agility|Aleazlllll|All Users|Ambush|Animal Attributes|Animal Oriented Powers|Ben 10 - Ben 10|Ben 10 Aliens|Ben 10 Aliens(no Ultimates)|Ben 10 Franchise|Cartoon Network|Cold Resistance|Danger Sense|Dexterity|Durability|Endurance|Energy Absorption|Energy Beams|Energy Blasts|Energy Constructs|Energy Manipulation|Energy Resistance|Enhanced Condition|Enhanced Sight|Fire Resistance|Flight|Galactus|Gliding|Heat Resistance|Indomitable Will|Intelligence|Interstellar Travel|Invulnerability|Jaw Strength|Jump|Levitation|Longevity|Marksmanship|Master Martial Artist|Natural Armor|Natural Weapons|OfficalBalloony459|Radiation Immunity|Reflexes|Rotemeg|Self-Sustenance|Shockwaves Generation|Space Survivability|Spaceflight|Stamina|Stealth|Super Breath|Super Speed|Super Strength|Supernatural Condition|Surface Scaling|Toxin and Disease Resistance|Vision - Night|Weapon Creation|Weapon-based Powers|Weapons Master|Wing Manifestation|boomerman|mtrindadc|sonofchthon|yes
atomix,Atomix,,https://www.superherodb.com/pictures2/portraits/10/050/20701.jpg,75,100,100,100,100,90,Accelerated Healing|Acrobatics|Adaptation|Agility|Aleazlllll|All Users|Ambush|Anti-Gravity|Attack Reflection|Aura|Ben 10 - Ben 10|Ben 10 Aliens|Ben 10 Aliens(no Ultimates)|Ben 10 Franchise|Berserk Mode|Cartoon Network|Chemokinesis|Cold Resistance|Damage Boost|Danger Sense|Dexterity|Durability|Electricity Absorption|Electricity Resistance|Electro-Magnetism Manipulation|Electrokinesis|Emotional Power Up|Endurance|Energy Absorption|Energy Armor|Energy Beams|Energy Blasts|Energy Constructs|Energy Manipulation|Energy Resistance|Enhanced Condition|Enhanced Hearing|Enhanced Sight|Explosion Manipulation|Extrasensory Perception|Extraterrestrial Physiology|Fire Resistance|Flight|Force Fields|Galactus|Heat Generation|Heat Resistance|Illumination|Immortality|Indomitable Will|Information Analysis|Inorganic Physiology|Intelligence|Interstellar Travel|Invulnerability|Jump|Large Size|Latent Abilities|Levitation|Light Control|Longevity|Master Martial Artist|Melting|Natural Armor|OfficalBalloony459|Possession Resistance|Projection|Radiation Absorption|Radiation Control|Radiation Immunity|Rage Power|Reactive Power Level|Reflexes|Rotemeg|Seismic Power|Self-Destruction|Self-Sustenance|Shockwaves Generation|Space Survivability|Spaceflight|Spatial Awareness|Spatial Communication|Stamina|Statistics Amplification|Status Effect Inducement|Super Speed|Super Strength|Supernatural Condition|Toxin and Disease Control|Toxin and Disease Resistance|Vaporising Beams|boomerman|mtrindadc|sonofchthon|yes
ball_weevil,Ball Weevil,,https://www.superherodb.com/pictures2/portraits/10/050/22150.jpg,55,1,25,40,40,50,Accelerated Healing|Acid Manipulation|Acidic Spit|Acrobatics|Adaptation|Agility|Aleazlllll|All Users|Ambush|Animal Attributes|Animal Oriented Powers|Ben 10 - Ben 10|Ben 10 Aliens|Ben 10 Aliens(no Ultimates)|Ben 10 Franchise|Cartoon Network|Danger Sense|Dexterity|Durability|Endurance|Energy Absorption|Energy Blasts|Enhanced Condition|Enhanced Hearing|Enhanced Sight|Explosion Manipulation|Galactus|Indomitable Will|Intelligence|Jump|Longevity|Matter Absorption|Natural Armor|Natural Weapons|OfficalBalloony459|Plasma Manipulation|Radiation Immunity|Reflexes|Rotemeg|Stamina|Stealth|Substance Secretion|Super Speed|Super Strength|Surface Scaling|Toxin and Disease Control|Toxin and Disease Resistance|Vision - Night|Wallcrawling|boomerman|mtrindadc|sonofchthon|yes
big_chill,Big Chill,Necrofriggian,https://www.superherodb.com/pictures2/portraits/10/050/20857.jpg,70,50,75,85,85,85,Accelerated Healing|Adaptation|Agility|Aleazlllll|All Users|Amalgamcomics00's Epic Inter-universe Crossover|Amalgamcomics00's Favorite Ben 10 Aliens|Amalgamcomics00's Favorite Characters From Favorite Franchises|Amalgamcomics00's Top 10 Favorite Ben 10 Aliens|Ambush|Animal Attributes|Animal Oriented Powers|Ben 10 - Ben 10|Ben 10 Aliens|Ben 10 Aliens(no Ultimates)|Ben 10 Franchise|Camouflage|Cartoon Network|Cloaking|Cold Resistance|Danger Sense|Dexterity|Durability|Element Control|Endurance|Enhanced Condition|Enhanced Hearing|Enhanced Sight|Enhanced Touch|Fire Resistance|Flight|Galactus|Gliding|Heat Resistance|Ice Manipulation|Indestructible Digestion|Indomitable Will|Intangibility|Intelligence|Interstellar Travel|Invisibility|Invulnerability|Jaw Strength|Jump|Levitation|Longevity|Marksmanship|Master Martial Artist|Mind Control Resistance|My Favorite Fictional Characters|Natural Weapons|Non-Physical Interaction|OfficalBalloony459|Phasing|Possession Resistance|Radiation Immunity|Reflexes|Rotemeg|Self-Sustenance|Shockwaves Generation|Space Survivability|Spaceflight|Spatial Awareness|Spatial Communication|Stamina|Stealth|Super Breath|Super Speed|Super Strength|Supernatural Condition|Surface Scaling|Toxin and Disease Resistance|Underwater breathing|Vision - Night|Water Control|Weather Control|Wind Control|Wing Manifestation|boomerman|mtrindadc|sonofchthon|yes
blitzwolfer,Blitzwolfer,Loboan,https://www.superherodb.com/pictures2/portraits/10/050/21982.jpg,50,25,50,75,50,100,Accelerated Healing|Acrobatics|Adaptation|Agility|Aleazlllll|All Users|Ambush|Animal Attributes|Animal Oriented Powers|Audio Control|Ben 10 - Ben 10|Ben 10 Aliens|Ben 10 Aliens(no Ultimates)|Ben 10 Franchise|Berserk Mode|Cartoon Network|Cold Resistance|Corruption Resistance|Danger Sense|Dexterity|Durability|Echolocation|Endurance|Enhanced Condition|Enhanced Hearing|Enhanced Sight|Enhanced Smell|Extrasensory Perception|Galactus|Heat Resistance|Indomitable Will|Intelligence|Invulnerability|Jaw Strength|Jump|Longevity|Marksmanship|Master Martial Artist|Natural Weapons|OfficalBalloony459|Radar Sense|Radiation Immunity|Reflexes|Rotemeg|Self-Sustenance|Sonar|Sonic Scream|Spatial Awareness|Stamina|Stealth|Super Breath|Super Speed|Super Strength|Surface Scaling|Vision - Night|Wallcrawling|Weapon-based Powers|Weapons Master|boomerman|mtrindadc|sonofchthon|yes
bloxx,Bloxx,Segmentasapien,https://www.superherodb.com/pictures2/portraits/10/050/22151.jpg,55,25,25,95,75,70,Accelerated Healing|Acrobatics|Adaptation|Agility|Aleazlllll|All Users|Amalgamcomics00's Epic Inter-universe Crossover|Amalgamcomics00's Favorite Ben 10 Aliens|Amalgamcomics00's Favorite Characters From Favorite Franchises|Ambush|Ben 10 - Ben 10|Ben 10 Aliens|Ben 10 Aliens(no Ultimates)|Ben 10 Franchise|Cartoon Network|Cold Resistance|Danger Sense|Danmaku|Density Control|Dexterity|Durability|Elasticity|Endurance|Energy Resistance|Enhanced Condition|Enhanced Sight|Fire Resistance|Galactus|Heat Resistance|Immortality|Indomitable Will|Intelligence|Invulnerability|Jump|Longevity|Marksmanship|Master Martial Artist|My Favorite Fictional Characters|Natural Armor|Natural Weapons|OfficalBalloony459|Radiation Immunity|Reflexes|Regeneration|Rotemeg|Self-Sustenance|Separation|Shapeshifting|Shockwaves Generation|Size Changing|Space Survivability|Stamina|Stealth|Super Speed|Super Strength|Supernatural Condition|Surface Scaling|Transformation|Vision - Night|Weapon Creation|Weapon-based Powers|Weapons Master|boomerman|mtrindadc|sonofchthon|yes
brainstorm,Brainstorm,Cerebrocrustacean,https://www.superherodb.com/pictures2/portraits/10/050/20858.jpg,95,25,25,95,70,65,Acrobatics|Agility|Aleazlllll|All Users|Amalgamcomics00's Epic Inter-universe Crossover|Amalgamcomics00's Favorite Ben 10 Aliens|Amalgamcomics00's Favorite Characters From Favorite Franchises|Ambush|Animal Attributes|Animal Oriented Powers|Ben 10 - Ben 10|Ben 10 Aliens|Ben 10 Aliens(no Ultimates)|Ben 10 Franchise|Brainstorm|Cartoon Network|Cold Resistance|Cosmic Awareness|Danger Sense|Dexterity|Dimensional Awareness|Durability|Electricity Absorption|Electricity Resistance|Electrokinesis|Endurance|Energy Beams|Energy Blasts|Energy Resistance|Enhanced Condition|Enhanced Memory|Force Fields|Galactus|Hacking|Heat Resistance|Indomitable Will|Information Analysis|Intelligence|Invulnerability|Jump|Levitation|Master Martial Artist|Master Tactician|Mechanical Aptitude|Mind Control Resistance|Natural Armor|Natural Weapons|Non-Physical Interaction|OfficalBalloony459|Omnilingualism|Preparation|Psychometry|Reflexes|Rotemeg|Self-Sustenance|Shockwaves Generation|Social Influencing|Spatial Awareness|Spatial Communication|Stamina|Stealth|Super Speed|Super Strength|Supernatural Condition|Surface Scaling|Technopath/Cyberpath|Telekinesis|Telepathy|Telepathy Resistance|Underwater breathing|Vehicular Mastery|Wallcrawling|boomerman|mtrindadc|sonofchthon|yes
bullfrag,Bullfrag,Incursean,https://www.superherodb.com/pictures2/portraits/10/050/22152.jpg,50,30,25,80,60,95,Accelerated Healing|Acrobatics|Adaptation|Agility|Aleazlllll|All Users|Ambush|Amphibious Respiration|Animal Attributes|Animal Oriented Powers|Ben 10 - Ben 10|Ben 10 Aliens|Ben 10 Aliens(no Ultimates)|Ben 10 Franchise|Berserk Mode|Cartoon Network|Danger Sense|Dexterity|Durability|Endurance|Enhanced Condition|Enhanced Hearing|Enhanced Sight|Enhanced Smell|Enhanced Taste|Fire Resistance|Galactus|Heat Resistance|Indomitable Will|Intelligence|Invulnerability|Jump|Longevity|Marksmanship|Master Martial Artist|Master Tactician|OfficalBalloony459|Pressure Points|Radiation Immunity|Reflexes|Rotemeg|Self-Sustenance|Space Survivability|Stamina|Stealth|Super Speed|Super Strength|Surface Scaling|Toxin and Disease Resistance|Underwater breathing|Vision - Night|Wallcrawling|Weapon-based Powers|Weapons Master|boomerman|mtrindadc|sonofchthon|yes
buzzshock,Buzzshock,Nosedeenian,https://www.superherodb.com/pictures2/portraits/10/050/22153.jpg,55,1,25,40,45,50,Accelerated Healing|Acrobatics|Adaptation|Agility|Aleazlllll|All Users|Ambush|Ben 10 - Ben 10|Ben 10 Aliens|Ben 10 Aliens(no Ultimates)|Ben 10 Franchise|Cartoon Network|Danger Sense|Dexterity|Duplication|Durability|Electrical Transport|Electricity Absorption|Electricity Resistance|Electrokinesis|Endurance|Energy Absorption|Energy Blasts|Energy Resistance|Enhanced Condition|Flight|Galactus|Heat Resistance|Indomitable Will|Insanity|Intelligence|Jump|Levitation|Longevity|Natural Armor|OfficalBalloony459|Radiation Immunity|Reflexes|Rotemeg|Sonic Scream|Stamina|Stealth|Super Speed|Super Strength|Technological Possession|Technopath/Cyberpath|Toxin and Disease Resistance|Vision - Night|boomerman|mtrindadc|sonofchthon|yes
cannonbolt,Cannonbolt,Arburian Pelarota,https://www.superherodb.com/pictures2/portraits/10/050/20859.jpg,50,90,30,100,80,80,Acid Resistance|Adaptation|Agility|Aleazlllll|All Users|Ambush|Animal Attributes|Animal Oriented Powers|Attack Reflection|Ben 10 - Ben 10|Ben 10 Aliens|Ben 10 Aliens(no Ultimates)|Ben 10 Franchise|Berserk Mode|Cannonbolt|Cartoon Network|Cold Resistance|Danger Sense|Dexterity|Durability|Echolocation|Electricity Resistance|Endurance|Energy Armor|Energy Resistance|Enhanced Condition|Enhanced Hearing|Extrasensory Perception|Fire Resistance|Galactus|Heat Resistance|Indomitable Will|Intelligence|Invulnerability|Jaw Strength|Jump|Longevity|Master Martial Artist|Natural Armor|Natural Weapons|OfficalBalloony459|Radiation Immunity|Reflexes|Roleplaying Collection|Rotemeg|Seismic Power|Shockwaves Generation|Space Survivability|Spatial Awareness|Stamina|Super Speed|Super Strength|Surface Scaling|Toxin and Disease Resistance|Transformation|Wind Control|boomerman|mtrindadc|sonofchthon|yes
chamalien,Chamalien,Merlinisapien,https://www.superherodb.com/pictures2/portraits/10/050/22154.jpg,50,25,25,50,40,65,Accelerated Healing|Acrobatics|Adaptation|Agility|Aleazlllll|All Users|Ambush|Animal Attributes|Animal Oriented Powers|Ben 10 - Ben 10|Ben 10 Aliens|Ben 10 Aliens(no Ultimates)|Ben 10 Franchise|Camouflage|Cartoon Network|Danger Sense|Dexterity|Durability|Endurance|Enhanced Condition|Enhanced Sight|Enhanced Smell|Galactus|Indomitable Will|Intelligence|Jaw Strength|Jump|Longevity|Master Martial Artist|Natural Weapons|OfficalBalloony459|Radiation Immunity|Reflexes|Rotemeg|Stamina|Stealth|Super Speed|Super Strength|Surface Scaling|Vision - Infrared|Vision - Night|Vision - Thermal|Wallcrawling|boomerman|mtrindadc|sonofchthon|yes
chromastone,Chromastone,Crystalsapien,https://www.superherodb.com/pictures2/portraits/10/050/20860.jpg,75,100,100,100,90,90,Acrobatics|Adaptation|Agility|Aleazlllll|All Users|Amalgamcomics00's Epic Inter-universe Crossover|Ambush|Attack Reflection|Aura|Ben 10 - Ben 10|Ben 10 Aliens|Ben 10 Aliens(no Ultimates)|Ben 10 Franchise|Berserk Mode|Cartoon Network|Cold Resistance|Danger Sense|Dexterity|Durability|Electricity Absorption|Electricity Resistance|Endurance|Energy Absorption|Energy Armor|Energy Beams|Energy Blasts|Energy Constructs|Energy Manipulation|Energy Resistance|Enhanced Condition|Enhanced Hearing|Enhanced Sight|Explosion Manipulation|Fire Resistance|Flight|Force Fields|Galactus|Heat Generation|Heat Resistance|Immortality|Indomitable Will|Inorganic Physiology|Intelligence|Interstellar Travel|Invulnerability|Jump|Laser Manipulation|Levitation|Light Control|Longevity|Magic Absorption|Marksmanship|Master Martial Artist|Natural Armor|Natural Weapons|Non-Physical Interaction|OfficalBalloony459|Possession Resistance|Radiation Immunity|Rainbow Energy|Reactive Power Level|Reflexes|Regeneration|Resurrection|Rotemeg|Self-Sustenance|Shockwaves Generation|Space Survivability|Spaceflight|Spatial Communication|Stamina|Statistics Amplification|Super Speed|Super Strength|Supernatural Condition|Toxin and Disease Resistance|Vision - Night|boomerman|mtrindadc|sonofchthon|yes
clockwork,Clockwork,Chronosapien,https://www.superherodb.com/pictures2/portraits/10/050/20035.jpg,75,25,100,35,100,40,Age Manipulation|Aleazlllll|All Users|Amalgamcomics00's Epic Inter-universe Crossover|Ambush|Banish|Ben 10 - Ben 10|Ben 10 Aliens|Ben 10 Aliens(no Ultimates)|Ben 10 Franchise|Bullet Time|Cartoon Network|Clairvoyance|Clockwork|Cold Resistance|Cosmic Awareness|Danger Sense|Dexterity|Dimensional Awareness|Durability|Energy Blasts|Galactus|Illusions|Immortality|Inorganic Physiology|Intelligence|Longevity|My Favorite Fictional Characters|OfficalBalloony459|Postcognition|Precognition|Rotemeg|Self-Sustenance|Sotobro Effect|Space Survivability|Super Speed|Super Strength|Time Manipulation|Time Manipulation Resistance|Time Manipulators|Time Travel|Toxin and Disease Resistance|Vaporising Beams|boomerman|mtrindadc|sonofchthon|yes
crashhopper,Crashhopper,Orthopterran,https://www.superherodb.com/pictures2/portraits/10/050/22155.jpg,50,25,50,50,55,75,Accelerated Healing|Acrobatics|Adaptation|Agility|Aleazlllll|All Users|Ambush|Animal Attributes|Animal Oriented Powers|Ben 10 - Ben 10|Ben 10 Aliens|Ben 10 Aliens(no Ultimates)|Ben 10 Franchise|Cartoon Network|Danger Sense|Dexterity|Durability|Endurance|Enhanced Condition|Enhanced Hearing|Enhanced Sight|Extrasensory Perception|Galactus|Heat Resistance|Indomitable Will|Intelligence|Invulnerability|Jump|Longevity|Master Martial Artist|Natural Armor|Natural Weapons|OfficalBalloony459|Pressure Points|Radiation Immunity|Reflexes|Rotemeg|Seismic Power|Shockwaves Generation|Stamina|Stealth|Super Speed|Super Strength|Supernatural Condition|Surface Scaling|Vision - Night|Wallcrawling|boomerman|mtrindadc|sonofchthon|yes
diamondhead,Diamondhead,Petrosapien,https://www.superherodb.com/pictures2/portraits/10/050/20861.jpg,60,100,25,100,85,90,Accelerated Healing|Acid Resistance|Acrobatics|Adaptation|Agility|Aleazlllll|All Users|Amalgamcomics00's Epic Inter-universe Crossover|Amalgamcomics00's Favorite Ben 10 Aliens|Amalgamcomics00's Favorite Characters From Favorite Franchises|Amalgamcomics00's Top 10 Favorite Ben 10 Aliens|Ambush|Attack Reflection|Ben 10 - Ben 10|Ben 10 Aliens|Ben 10 Aliens(no Ultimates)|Ben 10 Franchise|Berserk Mode|Cartoon Network|Changing Armor|Cold Resistance|Corruption Resistance|Crystal Touch|Danger Sense|Danmaku|Dexterity|Diamondhead|Durability|Elasticity|Electricity Resistance|Endurance|Energy Absorption|Energy Beams|Energy Blasts|Energy Constructs|Energy Manipulation|Energy Resistance|Enhanced Condition|Enhanced Hearing|Enhanced Sight|Explosion Manipulation|Fire Resistance|Force Fields|Galactus|Heat Resistance|Immortality|Indomitable Will|Inorganic Physiology|Intelligence|Invulnerability|Jim Ward|Jump|Longevity|Magic Resistance|Marksmanship|Master Martial Artist|Master Tactician|My Favorite Fictional Characters|Natural Armor|Natural Weapons|OfficalBalloony459|Radiation Immunity|Reflexes|Regeneration|Roleplaying Collection|Rotemeg|Seismic Power|Self-Sustenance|Shapeshifting|Shockwaves Generation|Size Changing|Space Survivability|Stamina|Stealth|Super Speed|Super Strength|Supernatural Condition|Surface Scaling|Swordsmanship|Telekinesis|Terrakinesis|Time Manipulation Resistance|Toxin and Disease Resistance|Transformation|Weapon Creation|Weapon-based Powers|Weapons Master|boomerman|mtrindadc|sonofchthon|yes
ditto,Ditto,Splixson,https://www.superherodb.com/pictures2/portraits/10/050/21576.jpg,50,1,17,30,30,50,Acrobatics|Agility|Aleazlllll|All Users|Amalgamcomics00's Epic Inter-universe Crossover|Ambush|Ben 10 - Ben 10|Ben 10 Aliens|Ben 10 Aliens(no Ultimates)|Ben 10 Franchise|Cartoon Network|Danger Sense|Dexterity|Dig|Ditto|Duplication|Durability|Endurance|Enhanced Condition|Galactus|Heat Resistance|Intelligence|Jump|Longevity|Master Martial Artist|My Favorite Fictional Characters|OfficalBalloony459|Radar Sense|Reflexes|Rotemeg|Stealth|Super Speed|Super Strength|Surface Scaling|Underwater breathing|Wallcrawling|boomerman|mtrindadc|sonofchthon|yes
eatle,Eatle,Oryctini,https://www.superherodb.com/pictures2/portraits/10/050/22156.jpg,50,55,25,90,60,70,Accelerated Healing|Adaptation|Agility|Aleazlllll|All Users|Ambush|Animal Attributes|Animal Oriented Powers|Attack Reflection|Ben 10 - Ben 10|Ben 10 Aliens|Ben 10 Aliens(no Ultimates)|Ben 10 Franchise|Berserk Mode|Cartoon Network|Cold Resistance|Danger Sense|Dexterity|Durability|Electricity Resistance|Endurance|Energy Absorption|Energy Beams|Energy Blasts|Energy Manipulation|Energy Resistance|Enhanced Condition|Enhanced Sight|Enhanced Smell|Explosion Manipulation|Fire Resistance|Galactus|Heat Resistance|Indestructible Digestion|Indomitable Will|Intelligence|Invulnerability|Jaw Strength|Jump|Laser Manipulation|Longevity|Marksmanship|Master Martial Artist|Natural Armor|Natural Weapons|OfficalBalloony459|Radiation Immunity|Reflexes|Rotemeg|Seismic Power|Self-Sustenance|Shockwaves Generation|Space Survivability|Stamina|Stealth|Super Breath|Super Speed|Super Strength|Supernatural Condition|Surface Scaling|Toxin and Disease Resistance|Vision - Night|Wallcrawling|boomerman|mtrindadc|sonofchthon|yes
echo_echo,Echo Echo,Sonorossian,https://www.superherodb.com/pictures2/portraits/10/050/20862.jpg,60,30,25,40,75,90,Acrobatics|Adaptation|Agility|Aleazlllll|All Users|Amalgamcomics00's Epic Inter-universe Crossover|Ambush|Attack Reflection|Audio Alteration|Audio Control|Ben 10 - Ben 10|Ben 10 Aliens|Ben 10 Aliens(no Ultimates)|Ben 10 Franchise|Cartoon Network|Cloning|Cold Resistance|Danger Sense|Dexterity|Duplication|Durability|Echolocation|Emotional Power Up|Endurance|Enhanced Condition|Enhanced Hearing|Force Fields|Galactus|Indomitable Will|Intelligence|Jump|Levitation|Longevity|Marksmanship|Master Martial Artist|Natural Armor|OfficalBalloony459|Radiation Immunity|Reflexes|Rotemeg|Seismic Power|Self-Sustenance|Shockwaves Generation|Sonar|Sonic Scream|Space Survivability|Stamina|Statistics Amplification|Stealth|Super Breath|Super Speed|Super Strength|Vibration Manipulation|boomerman|mtrindadc|sonofchthon|yes
eye_guy,Eye Guy,Opticoid,https://www.superherodb.com/pictures2/portraits/10/050/21983.jpg,50,25,25,50,65,80,Accelerated Healing|Acrobatics|Adaptation|Agility|Aleazlllll|All Users|Amalgamcomics00's Epic Inter-universe Crossover|Ambush|Ben 10 - Ben 10|Ben 10 Aliens|Ben 10 Aliens(no Ultimates)|Ben 10 Franchise|Cartoon Network|Danger Sense|Dexterity|Durability|Electrokinesis|Endurance|Energy Beams|Energy Blasts|Energy Manipulation|Enhanced Condition|Enhanced Hearing|Enhanced Sight|Enhanced Smell|Extrasensory Perception|Eye Guy|Fire Control|Galactus|Heat Generation|Heat Resistance|Ice Manipulation|Indomitable Will|Intelligence|Jump|Longevity|Marksmanship|Master Martial Artist|OfficalBalloony459|Radiation Immunity|Reflexes|Rotemeg|Spatial Awareness|Stamina|Stealth|Substance Secretion|Super Speed|Super Strength|Vision - Cryo|Vision - Heat|Vision - Infrared|Vision - Microscopic|Vision - Night|Vision - Telescopic|Vision - Thermal|boomerman|mtrindadc|sonofchthon|yes
fasttrack,Fasttrack,Citrakayah,https://www.superherodb.com/pictures2/portraits/10/050/22157.jpg,50,30,90,55,60,90,Accelerated Healing|Acrobatics|Agility|Aleazlllll|All Users|Ambush|Animal Attributes|Ben 10 - Ben 10|Ben 10 Aliens|Ben 10 Aliens(no Ultimates)|Ben 10 Franchise|Cartoon Network|Danger Sense|Dexterity|Durability|Endurance|Enhanced Condition|Enhanced Hearing|Enhanced Sight|Extrasensory Perception|Galactus|Heat Resistance|Indomitable Will|Intelligence|Jump|Master Martial Artist|Natural Weapons|OfficalBalloony459|Reflexes|Rotemeg|Stamina|Stealth|Super Speed|Super Strength|Vision - Night|boomerman|mtrindadc|sonofchthon|yes
feedback,Feedback,Conductoid,https://www.superherodb.com/pictures2/portraits/10/050/20863.jpg,75,55,100,100,100,90,Accelerated Healing|Acrobatics|Agility|Aleazlllll|All Users|Amalgamcomics00's Epic Inter-universe Crossover|Amalgamcomics00's Favorite Ben 10 Aliens|Amalgamcomics00's Favorite Characters From Favorite Franchises|Ambush|Attack Reflection|Ben 10 - Ben 10|Ben 10 Aliens|Ben 10 Aliens(no Ultimates)|Ben 10 Franchise|Berserk Mode|Bullet Time|Cartoon Network|Cold Resistance|Damage Boost|Danger Sense|Dexterity|Durability|EMP Generation|Elasticity|Electrical Transport|Electricity Absorption|Electricity Resistance|Electrokinesis|Emotional Power Up|Endurance|Energy Absorption|Energy Armor|Energy Beams|Energy Blasts|Energy Constructs|Energy Manipulation|Energy Resistance|Enhanced Condition|Enhanced Hearing|Enhanced Sight|Enhanced Smell|Enhanced Touch|Explosion Manipulation|Extrasensory Perception|Fire Resistance|Flight|Galactus|Heat Resistance|Indomitable Will|Intelligence|Interstellar Travel|Invulnerability|Jump|Levitation|Longevity|Magic Absorption|Marksmanship|Master Martial Artist|Master Tactician|My Favorite Fictional Characters|Natural Armor|Natural Weapons|Non-Physical Interaction|OfficalBalloony459|Projection|Radiation Absorption|Radiation Immunity|Reactive Power Level|Reflexes|Rotemeg|Seismic Power|Self-Sustenance|Shockwaves Generation|Sonar|Space Survivability|Spaceflight|Spatial Awareness|Stamina|Statistics Amplification|Stealth|Super Speed|Super Strength|Supernatural Condition|Surface Scaling|Tentacles|Toxin and Disease Resistance|Weapons Master|boomerman|mtrindadc|sonofchthon|yes
four_arms,Four Arms,Tetramand,https://www.superherodb.com/pictures2/portraits/10/050/20865.jpg,55,100,25,95,80,100,Accelerated Healing|Acrobatics|Adaptation|Agility|Aleazlllll|All Users|Amalgamcomics00's Epic Inter-universe Crossover|Amalgamcomics00's Favorite Ben 10 Aliens|Amalgamcomics00's Favorite Characters From Favorite Franchises|Amalgamcomics00's Top 10 Favorite Ben 10 Aliens|Ambush|Ben 10 - Ben 10|Ben 10 Aliens|Ben 10 Aliens(no Ultimates)|Ben 10 Franchise|Berserk Mode|Cartoon Network|Danger Sense|Death Battle Combatants|Dexterity|Durability|Emotional Power Up|Endurance|Enhanced Condition|Enhanced Sight|Fire Resistance|Four Arms|Galactus|Heat Resistance|Indomitable Will|Intelligence|Invulnerability|Jaw Strength|Jump|Large Size|Longevity|Marksmanship|Master Martial Artist|Multiple Limbs|My Favorite Fictional Characters|OfficalBalloony459|Possession Resistance|Rage Power|Reflexes|Roleplaying Collection|Rotemeg|Seismic Power|Shockwaves Generation|Stamina|Super Speed|Super Strength|Supernatural Condition|Surface Scaling|Vibration Manipulation|Vision - Night|Wallcrawling|Weapons Master|boomerman|mtrindadc|sonofchthon|yes
frankenstrike,Frankenstrike,Transylian,https://www.superherodb.com/pictures2/portraits/10/050/21984.jpg,60,85,25,95,75,65,Accelerated Healing|Acrobatics|Adaptation|Agility|Aleazlllll|All Users|Ambush|Attack Reflection|Ben 10 - Ben 10|Ben 10 Aliens|Ben 10 Aliens(no Ultimates)|Ben 10 Franchise|Berserk Mode|Cartoon Network|Cold Resistance|Corruption Resistance|Cyborgization|Danger Sense|Dexterity|Durability|Electricity Absorption|Electricity Resistance|Electro-Magnetism Manipulation|Electrokinesis|Endurance|Energy Beams|Energy Blasts|Energy Manipulation|Energy Resistance|Enhanced Condition|Enhanced Hearing|Enhanced Sight|Enhanced Smell|Explosion Manipulation|Fire Resistance|Galactus|Heat Resistance|Indomitable Will|Intelligence|Invulnerability|Jump|Levitation|Longevity|Magic Resistance|Magnetism|Marksmanship|Master Martial Artist|Natural Armor|Natural Weapons|Non-Physical Interaction|OfficalBalloony459|Radiation Immunity|Reflexes|Rotemeg|Seismic Power|Self-Sustenance|Shockwaves Generation|Space Survivability|Stamina|Statistics Amplification|Super Speed|Super Strength|Surface Scaling|Technological Possession|Technopath/Cyberpath|Toxin and Disease Resistance|Vision - Night|Weapons Master|boomerman|mtrindadc|sonofchthon|yes
ghostfreak,Ghostfreak,Ectonurite,https://www.superherodb.com/pictures2/portraits/10/050/20866.jpg,80,55,25,80,90,40,Accelerated Healing|Adaptation|Agility|Aleazlllll|All Users|Amalgamcomics00's Epic Inter-universe Crossover|Amalgamcomics00's Favorite Ben 10 Aliens|Amalgamcomics00's Favorite Characters From Favorite Franchises|Amalgamcomics00's Top 10 Favorite Ben 10 Aliens|Ambush|Anti-Gravity|Ben 10 - Ben 10|Ben 10 Aliens|Ben 10 Aliens(no Ultimates)|Ben 10 Franchise|Camouflage|Cartoon Network|Cloaking|Corruption|Corruption Resistance|Danger Sense|Darkness Manipulation|Death Manipulation|Density Control|Dexterity|Durability|Durability Negation|Ectoplasm Manipulation|Endurance|Energy Beams|Energy Blasts|Energy Resistance|Enhanced Condition|Enhanced Hearing|Enhanced Sight|Exorcism|Extrasensory Perception|Fear Inducement|Fear Manipulation|Flight|Galactus|Immortality|Indomitable Will|Insanity|Intangibility|Intelligence|Interstellar Travel|Invisibility|Invulnerability|Levitation|Life Manipulation|Longevity|Matter Manipulation|Mind Control Resistance|Natural Weapons|Necromancy|Non-Physical Interaction|OfficalBalloony459|Pain Manipulation|Phasing|Possession|Possession Resistance|Psionic Powers|Radiation Immunity|Reflexes|Regeneration|Resurrection|Roleplaying Collection|Rotemeg|Self-Sustenance|Shapeshifting|Smoke Manipulation|Soul Manipulation|Soul Resistance|Space Survivability|Spaceflight|Statistics Amplification|Status Effect Inducement|Stealth|Super Speed|Super Strength|Supernatural Condition|Telekinesis|Telepathy Resistance|Tentacles|Toxin and Disease Resistance|Transformation|Vision - Night|boomerman|mtrindadc|sonofchthon|yes
goop,Goop,Polymorph,https://www.superherodb.com/pictures2/portraits/10/050/20867.jpg,50,100,25,100,65,70,Accelerated Healing|Acid Manipulation|Acid Resistance|Acidic Spit|Acrobatics|Adaptation|Agility|Aleazlllll|All Users|Ambush|Ben 10 - Ben 10|Ben 10 Aliens|Ben 10 Aliens(no Ultimates)|Ben 10 Franchise|Camouflage|Cartoon Network|Danger Sense|Density Control|Dexterity|Durability|Elasticity|Endurance|Energy Resistance|Enhanced Condition|Enhanced Hearing|Enhanced Sight|Fire Resistance|Flight|Galactus|Goop|Heat Resistance|Immortality|Indomitable Will|Intangibility|Intelligence|Invulnerability|Jump|Levitation|Longevity|Master Martial Artist|Melting|OfficalBalloony459|Phasing|Radiation Immunity|Reflexes|Regeneration|Rotemeg|Self-Sustenance|Separation|Shapeshifting|Size Changing|Space Survivability|Stamina|Stealth|Substance Secretion|Super Speed|Super Strength|Surface Scaling|Tentacles|Toxin and Disease Control|Toxin and Disease Resistance|Transformation|Underwater breathing|Vision - Night|Wallcrawling|boomerman|mtrindadc|sonofchthon|yes
gravattack,Gravattack,Galilean,https://www.superherodb.com/pictures2/portraits/10/050/22158.jpg,55,100,25,95,85,45,Accelerated Healing|Adaptation|Agility|Aleazlllll|All Users|Amalgamcomics00's Epic Inter-universe Crossover|Amalgamcomics00's Favorite Ben 10 Aliens|Amalgamcomics00's Favorite Characters From Favorite Franchises|Ambush|Anti-Gravity|Attack Reflection|Ben 10 - Ben 10|Ben 10 Aliens|Ben 10 Aliens(no Ultimates)|Ben 10 Franchise|Berserk Mode|Black Hole Manipulation|Cartoon Network|Cold Resistance|Cosmic Awareness|Damage Boost|Danger Sense|Dexterity|Durability|Electricity Resistance|Endurance|Energy Resistance|Enhanced Condition|Explosion Manipulation|Fire Resistance|Flight|Force Fields|Galactus|Gravity Control|Heat Resistance|Immortality|Indomitable Will|Intelligence|Interstellar Travel|Invulnerability|Jump|Large Size|Levitation|Longevity|My Favorite Fictional Characters|Natural Armor|OfficalBalloony459|Psionic Powers|Radiation Immunity|Reflexes|Rotemeg|Seismic Power|Self-Destruction|Self-Sustenance|Shockwaves Generation|Space Survivability|Spaceflight|Spatial Awareness|Stamina|Statistics Amplification|Statistics Reduction|Stealth|Super Speed|Super Strength|Supernatural Condition|Telekinesis|Toxin and Disease Resistance|Transformation|Vision - Night|boomerman|mtrindadc|sonofchthon|yes
grey_matter,Grey Matter,Galvan,https://www.superherodb.com/pictures2/portraits/10/050/20868.jpg,95,1,6,5,11,5,Acrobatics|Agility|Aleazlllll|All Users|Amalgamcomics00's Epic Inter-universe Crossover|Amalgamcomics00's Favorite Ben 10 Aliens|Amalgamcomics00's Favorite Characters From Favorite Franchises|Ambush|Amphibious Respiration|Animal Attributes|Animal Oriented Powers|Ben 10 Aliens|Ben 10 Aliens(no Ultimates)|Ben 10 Franchise|Cartoon Network|Cosmic Awareness|Danger Sense|Death Battle Combatants|Dexterity|Dimensional Awareness|Enhanced Condition|Enhanced Hearing|Enhanced Memory|Gadget Usage|Galactus|Grey Matter|Hacking|Indomitable Will|Information Analysis|Intelligence|Jaw Strength|Jump|Longevity|Mechanical Aptitude|My Favorite Fictional Characters|OfficalBalloony459|Omnilingualism|Preparation|Pressure Points|Reflexes|Rotemeg|Self-Sustenance|Spatial Awareness|Stamina|Stealth|Surface Scaling|Technological Possession|Technopath/Cyberpath|Underwater breathing|Vehicular Mastery|Vision - Night|Wallcrawling|Weapon Creation|Weapons Master|boomerman|mtrindadc|sonofchthon|yes
gutrot,Gutrot,,https://www.superherodb.com/pictures2/portraits/10/050/22159.jpg,90,25,14,35,45,15,Acid Manipulation|Acid Resistance|Adaptation|Agility|Aleazlllll|All Users|Ambush|Ben 10 - Ben 10|Ben 10 Aliens|Ben 10 Aliens(no Ultimates)|Ben 10 Franchise|Cartoon Network|Chemokinesis|Cold Resistance|Danger Sense|Dexterity|Durability|Empathy|Endurance|Enhanced Condition|Enhanced Hearing|Enhanced Memory|Enhanced Smell|Galactus|Heat Resistance|Information Analysis|Intelligence|Jump|Love Inducement|Memory Manipulation|Natural Armor|OfficalBalloony459|Radiation Immunity|Rotemeg|Self-Sustenance|Sleep Manipulation|Smoke Manipulation|Space Survivability|Stamina|Status Effect Inducement|Stealth|Super Speed|Super Strength|Toxin and Disease Control|Toxin and Disease Resistance|Wind Control|boomerman|mtrindadc|sonofchthon|yes
heatblast,Heatblast,Pyronite,https://www.superherodb.com/pictures2/portraits/10/050/20869.jpg,75,75,50,90,85,90,Accelerated Healing|Acrobatics|Adaptation|Agility|Aleazlllll|All Users|Amalgamcomics00's Epic Inter-universe Crossover|Amalgamcomics00's Favorite Ben 10 Aliens|Amalgamcomics00's Favorite Characters From Favorite Franchises|Amalgamcomics00's Top 10 Favorite Ben 10 Aliens|Ambush|Ben 10 - Ben 10|Ben 10 Aliens|Ben 10 Aliens(no Ultimates)|Ben 10 Franchise|Berserk Mode|Cartoon Network|Cold Resistance|Danger Sense|Danmaku|Death Battle Combatants|Dexterity|Durability|Electricity Resistance|Emotional Power Up|Endurance|Energy Absorption|Energy Beams|Energy Blasts|Energy Constructs|Energy Manipulation|Energy Resistance|Enhanced Condition|Enhanced Hearing|Enhanced Sight|Enhanced Touch|Explosion Manipulation|Fire Control|Fire Resistance|Flight|Galactus|Heat Generation|Heat Resistance|Heatblast|Ice Manipulation|Illumination|Indomitable Will|Intelligence|Invulnerability|Jump|Latent Abilities|Light Control|Longevity|Magma Manipulation|Marksmanship|Master Martial Artist|Melting|Mind Control Resistance|My Favorite Fictional Characters|Natural Armor|Non-Physical Interaction|OfficalBalloony459|Possession Resistance|Radiation Immunity|Reactive Power Level|Reflexes|Roleplaying Collection|Rotemeg|Seismic Power|Self-Sustenance|Shockwaves Generation|Stamina|Statistics Amplification|Super Breath|Super Speed|Super Strength|Teleportation|Terrakinesis|Underwater breathing|Vortex Creation|Weapon Creation|Weapons Master|Wind Control|boomerman|mtrindadc|sonofchthon|yes
humungosaur,Humungosaur,Vaxasaurian,https://www.superherodb.com/pictures2/portraits/10/050/20870.jpg,50,100,20,95,80,85,Accelerated Healing|Adaptation|Agility|Aleazlllll|All Users|Amalgamcomics00's Epic Inter-universe Crossover|Amalgamcomics00's Favorite Ben 10 Aliens|Amalgamcomics00's Favorite Characters From Favorite Franchises|Ambush|Animal Attributes|Animal Oriented Powers|Ben 10 - Ben 10|Ben 10 Aliens|Ben 10 Aliens(no Ultimates)|Ben 10 Franchise|Berserk Mode|Cartoon Network|Cold Resistance|Danger Sense|Dexterity|Durability|Emotional Power Up|Endurance|Energy Resistance|Enhanced Condition|Enhanced Hearing|Enhanced Sight|Enhanced Smell|Galactus|Heat Resistance|Indomitable Will|Intelligence|Invulnerability|Jaw Strength|Jump|Large Size|Longevity|Master Martial Artist|My Favorite Fictional Characters|Natural Armor|Natural Weapons|OfficalBalloony459|Radiation Immunity|Rage Power|Reflexes|Rotemeg|Seismic Power|Self-Sustenance|Shockwaves Generation|Size Changing|Space Survivability|Stamina|Statistics Amplification|Super Breath|Super Speed|Super Strength|Supernatural Condition|Vibration Manipulation|Vision - Night|Weapons Master|boomerman|mtrindadc|sonofchthon|yes
jetray,Jetray,Aerophibian,https://www.superherodb.com/pictures2/portraits/10/050/20871.jpg,50,30,100,75,75,45,Adaptation|Agility|Aleazlllll|All Users|Amalgamcomics00's Epic Inter-universe Crossover|Amalgamcomics00's Favorite Ben 10 Aliens|Amalgamcomics00's Favorite Characters From Favorite Franchises|Amalgamcomics00's Top 10 Favorite Ben 10 Aliens|Ambush|Amphibious Respiration|Animal Attributes|Animal Oriented Powers|Ben 10 - Ben 10|Ben 10 Aliens|Ben 10 Aliens(no Ultimates)|Ben 10 Franchise|Cartoon Network|Cold Resistance|Danger Sense|Dexterity|Durability|Electricity Resistance|Endurance|Energy Beams|Energy Blasts|Energy Resistance|Enhanced Condition|Enhanced Hearing|Enhanced Sight|Fire Control|Fire Resistance|Flight|Galactus|Heat Generation|Heat Resistance|Indomitable Will|Intelligence|Interstellar Travel|Invulnerability|Jaw Strength|Jetray|Jump|Laser Manipulation|Levitation|Longevity|My Favorite Fictional Characters|Natural Weapons|OfficalBalloony459|Radiation Immunity|Reflexes|Rotemeg|Self-Sustenance|Shockwaves Generation|Space Survivability|Spaceflight|Spatial Communication|Stamina|Stealth|Sub-Mariner|Super Speed|Super Strength|Supernatural Condition|Underwater breathing|Vision - Heat|Vision - Microscopic|Vision - Night|Vision - Telescopic|Wind Control|boomerman|mtrindadc|sonofchthon|yes
juryrigg,Juryrigg,Planchakï¿½le,https://www.superherodb.com/pictures2/portraits/10/050/22160.jpg,90,1,25,30,45,50,Accelerated Development|Accelerated Healing|Acrobatics|Adaptation|Agility|Aleazlllll|All Users|Amalgamcomics00's Epic Inter-universe Crossover|Ambush|Ben 10 - Ben 10|Ben 10 Aliens|Ben 10 Aliens(no Ultimates)|Ben 10 Franchise|Cartoon Network|Danger Sense|Dexterity|Durability|Endurance|Enhanced Condition|Enhanced Hearing|Enhanced Sight|Enhanced Smell|Enhanced Thievery|Gadget Usage|Galactus|Hacking|Indomitable Will|Information Analysis|Insanity|Intelligence|Jaw Strength|Jump|Longevity|Marksmanship|Master Martial Artist|Master Tactician|Mechanical Aptitude|Natural Weapons|OfficalBalloony459|Omnilingualism|Preparation|Pressure Points|Reflexes|Robotic Engineering|Rotemeg|Stamina|Stealth|Super Speed|Super Strength|Surface Scaling|Technological Possession|Vehicular Mastery|Vision - Night|Wallcrawling|Weapon Creation|Weapon-based Powers|Weapons Master|boomerman|mtrindadc|sonofchthon|yes
kickin_hawk,Kickin Hawk,,https://www.superherodb.com/pictures2/portraits/10/050/22161.jpg,50,55,50,70,50,100,Accelerated Development|Accelerated Healing|Acrobatics|Adaptation|Agility|Aleazlllll|All Users|Ambush|Animal Attributes|Animal Oriented Powers|Ben 10 - Ben 10|Ben 10 Aliens|Ben 10 Aliens(no Ultimates)|Ben 10 Franchise|Berserk Mode|Cartoon Network|Danger Sense|Dexterity|Durability|Endurance|Enhanced Condition|Enhanced Hearing|Enhanced Sight|Enhanced Smell|Extrasensory Perception|Galactus|Heat Resistance|Indomitable Will|Intelligence|Invulnerability|Jump|Longevity|Marksmanship|Master Martial Artist|Master Tactician|Natural Weapons|OfficalBalloony459|Pressure Points|Radiation Immunity|Rage Power|Reflexes|Rotemeg|Self-Sustenance|Shockwaves Generation|Space Survivability|Stamina|Stealth|Super Speed|Super Strength|Supernatural Condition|Vibration Manipulation|Vision - Night|Weapon-based Powers|Weapons Master|mtrindadc|sonofchthon|yes
lodestar,Lodestar,Biosovortian,https://www.superherodb.com/pictures2/portraits/10/050/22006.jpg,70,30,25,85,75,50,Accelerated Healing|Acrobatics|Adaptation|Agility|Aleazlllll|All Users|Amalgamcomics00's Epic Inter-universe Crossover|Amalgamcomics00's Favorite Ben 10 Aliens|Amalgamcomics00's Favorite Characters From Favorite Franchises|Ambush|Ben 10 - Ben 10|Ben 10 Aliens|Ben 10 Aliens(no Ultimates)|Ben 10 Franchise|Cartoon Network|Cold Resistance|Danger Sense|Dexterity|Durability|Electricity Resistance|Electro-Magnetism Manipulation|Electrokinesis|Endurance|Energy Resistance|Enhanced Condition|Enhanced Sight|Fire Resistance|Flight|Force Fields|Galactus|Heat Resistance|Immortality|Indomitable Will|Intelligence|Interstellar Travel|Invulnerability|Jump|Levitation|Longevity|Magnetism|Marksmanship|Metal Manipulation|My Favorite Fictional Characters|Natural Armor|OfficalBalloony459|Psionic Powers|Radiation Immunity|Reflexes|Regeneration|Rotemeg|Self-Sustenance|Space Survivability|Spaceflight|Stamina|Stealth|Super Speed|Super Strength|Supernatural Condition|Telekinesis|Toxin and Disease Resistance|Vision - Night|mtrindadc|sonofchthon|yes
mole-stache,Mole-Stache,,https://www.superherodb.com/pictures2/portraits/10/050/22162.jpg,65,13,20,40,25,40,Acrobatics|Agility|Aleazlllll|All Users|Ambush|Animal Attributes|Animal Oriented Powers|Ben 10 - Ben 10|Ben 10 Aliens|Ben 10 Aliens(no Ultimates)|Ben 10 Franchise|Cartoon Network|Danger Sense|Dexterity|Dig|Durability|Elasticity|Endurance|Enhanced Condition|Enhanced Smell|Flight|Galactus|Gliding|Hair Manipulation|Intelligence|Jump|Master Martial Artist|Natural Weapons|OfficalBalloony459|Reflexes|Regeneration|Rotemeg|Stamina|Stealth|Super Speed|Super Strength|Vision - Night|mtrindadc|sonofchthon|yes
nanomech,Nanomech,Nanochip,https://www.superherodb.com/pictures2/portraits/10/050/21007.jpg,80,1,8,1,5,1,Acrobatics|Adaptation|Agility|Aleazlllll|All Users|Ambush|Animal Attributes|Ben 10 - Ben 10|Ben 10 Aliens|Ben 10 Aliens(no Ultimates)|Ben 10 Franchise|Cartoon Network|Electrical Transport|Electrokinesis|Energy Beams|Energy Blasts|Energy Manipulation|Flight|Galactus|Intelligence|Laser Manipulation|Mind Control Resistance|Natural Weapons|OfficalBalloony459|Pressure Points|Reflexes|Robotic Engineering|Rotemeg|Self-Sustenance|Size Changing|Space Survivability|Stealth|Super Speed|Surface Scaling|Technological Possession|Technopath/Cyberpath|Tentacles|Wallcrawling|Wing Manifestation|mtrindadc|sonofchthon|yes
nrg,NRG,Prypiatosian-B,https://www.superherodb.com/pictures2/portraits/10/050/22163.jpg,65,75,35,95,85,40,Accelerated Healing|Adaptation|Agility|Aleazlllll|All Users|Amalgamcomics00's Epic Inter-universe Crossover|Ambush|Aura|Ben 10 - Ben 10|Ben 10 Aliens|Ben 10 Aliens(no Ultimates)|Ben 10 Franchise|Berserk Mode|Cartoon Network|Cold Resistance|Corruption Resistance|Danger Sense|Dexterity|Durability|Electricity Resistance|Endurance|Energy Absorption|Energy Armor|Energy Beams|Energy Blasts|Energy Manipulation|Energy Resistance|Enhanced Condition|Enhanced Sight|Enhanced Touch|Explosion Manipulation|Fire Control|Fire Resistance|Flight|Galactus|Heat Generation|Heat Resistance|Illumination|Immortality|Indomitable Will|Intangibility|Intelligence|Invulnerability|Jump|Levitation|Light Control|Longevity|Magma Manipulation|Marksmanship|Melting|Mind Control Resistance|Non-Physical Interaction|OfficalBalloony459|Possession Resistance|Power Suit|Radar Sense|Radiation Absorption|Radiation Control|Radiation Immunity|Reactive Power Level|Reflexes|Rotemeg|Seismic Power|Self-Sustenance|Shapeshifting|Shockwaves Generation|Size Changing|Space Survivability|Stamina|Statistics Amplification|Super Breath|Super Speed|Super Strength|Supernatural Condition|Telepathy Resistance|Toxin and Disease Resistance|Underwater breathing|Vibration Manipulation|Vision - Heat|Vision - Night|mtrindadc|sonofchthon|yes
pesky_dust,Pesky Dust,Nemuina,https://www.superherodb.com/pictures2/portraits/10/050/22164.jpg,50,1,25,30,40,20,Agility|Aleazlllll|All Users|Ambush|Ben 10 - Ben 10|Ben 10 Aliens|Ben 10 Aliens(no Ultimates)|Ben 10 Franchise|Cartoon Network|Danger Sense|Dexterity|Dream Manipulation|Durability|Endurance|Enhanced Condition|Fear Inducement|Flight|Galactus|Intelligence|Jump|Levitation|Longevity|OfficalBalloony459|Reflexes|Rotemeg|Self-Sustenance|Sleep Manipulation|Stamina|Status Effect Inducement|Stealth|Super Speed|Super Strength|mtrindadc|sonofchthon|yes
rath,Rath,Appoplexian,https://www.superherodb.com/pictures2/portraits/10/050/20873.jpg,40,100,25,95,80,100,Accelerated Healing|Acrobatics|Adaptation|Agility|Aleazlllll|All Users|Ambush|Animal Attributes|Animal Oriented Powers|Ben 10 - Ben 10|Ben 10 Aliens|Ben 10 Aliens(no Ultimates)|Ben 10 Franchise|Berserk Mode|Bloodlust|Cartoon Network|Danger Sense|Dexterity|Durability|Endurance|Energy Resistance|Enhanced Condition|Enhanced Hearing|Enhanced Sight|Enhanced Smell|Extrasensory Perception|Favorite Characters (supremedreams)|Fire Resistance|Galactus|Heat Resistance|Indomitable Will|Insanity|Intelligence|Invulnerability|Jaw Strength|Jump|Longevity|Marksmanship|Master Martial Artist|Master Tactician|My Favorite Fictional Characters|Natural Weapons|OfficalBalloony459|Radiation Immunity|Rage Power|Rath|Reactive Power Level|Reflexes|Rotemeg|Seismic Power|Self-Sustenance|Shockwaves Generation|Sonic Scream|Space Survivability|Stamina|Stealth|Super Speed|Super Strength|Supernatural Condition|Surface Scaling|Toxin and Disease Resistance|Vibration Manipulation|Vision - Night|Wallcrawling|mtrindadc|sonofchthon|yes
ripjaws,Ripjaws,Piscciss Volann,https://www.superherodb.com/pictures2/portraits/10/050/21985.jpg,50,25,55,50,45,50,Accelerated Healing|Adaptation|Agility|Aleazlllll|All Users|Amalgamcomics00's Epic Inter-universe Crossover|Amalgamcomics00's Favorite Ben 10 Aliens|Amalgamcomics00's Favorite Characters From Favorite Franchises|Ambush|Amphibious Respiration|Animal Attributes|Animal Oriented Powers|Ben 10 - Ben 10|Ben 10 Aliens|Ben 10 Aliens(no Ultimates)|Ben 10 Franchise|Cartoon Network|Cold Resistance|Danger Sense|Dexterity|Durability|Endurance|Enhanced Condition|Enhanced Hearing|Enhanced Sight|Enhanced Smell|Galactus|Indestructible Digestion|Indomitable Will|Intelligence|Invulnerability|Jaw Strength|Jump|Longevity|My Favorite Fictional Characters|Natural Weapons|OfficalBalloony459|Reflexes|Rotemeg|Stamina|Stealth|Sub-Mariner|Super Speed|Super Strength|Transformation|Underwater breathing|Vision - Night|Vortex Creation|Water Control|mtrindadc|sonofchthon|yes
shocksquatch,Shocksquatch,Gimlinopithecus,https://www.superherodb.com/pictures2/portraits/10/050/22165.jpg,50,100,25,85,75,75,Accelerated Healing|Acrobatics|Adaptation|Agility|Aleazlllll|All Users|Amalgamcomics00's Epic Inter-universe Crossover|Amalgamcomics00's Favorite Ben 10 Aliens|Amalgamcomics00's Favorite Characters From Favorite Franchises|Ambush|Animal Attributes|Animal Oriented Powers|Attack Reflection|Ben 10 - Ben 10|Ben 10 Aliens|Ben 10 Aliens(no Ultimates)|Ben 10 Franchise|Berserk Mode|Cartoon Network|Cold Resistance|Danger Sense|Dexterity|Durability|Electricity Absorption|Electricity Resistance|Electro-Magnetism Manipulation|Electrokinesis|Emotional Power Up|Endurance|Energy Beams|Energy Blasts|Energy Resistance|Enhanced Condition|Enhanced Hearing|Enhanced Sight|Enhanced Smell|Fire Resistance|Force Fields|Galactus|Heat Resistance|Indomitable Will|Intelligence|Invulnerability|Jump|Longevity|Marksmanship|Master Martial Artist|My Favorite Fictional Characters|OfficalBalloony459|Radiation Immunity|Rage Power|Reactive Power Level|Reflexes|Rotemeg|Seismic Power|Self-Sustenance|Shockwaves Generation|Stamina|Statistics Amplification|Super Speed|Super Strength|Supernatural Condition|Surface Scaling|Telekinesis|Toxin and Disease Resistance|Vision - Night|Wallcrawling|mtrindadc|sonofchthon|yes
snare-oh,Snare-Oh,Thep Khufan,https://www.superherodb.com/pictures2/portraits/10/050/21986.jpg,50,25,25,80,70,90,Accelerated Healing|Acrobatics|Adaptation|Agility|Aleazlllll|All Users|Ambush|Ben 10 - Ben 10|Ben 10 Aliens|Ben 10 Aliens(no Ultimates)|Ben 10 Franchise|Camouflage|Cartoon Network|Cloth Manipulation|Cold Resistance|Corruption Resistance|Curse Manipulation|Danger Sense|Density Control|Dexterity|Durability|Elasticity|Endurance|Energy Resistance|Enhanced Condition|Enhanced Hearing|Enhanced Sight|Galactus|Heat Resistance|Immortality|Indomitable Will|Intelligence|Invulnerability|Jump|Levitation|Longevity|Magic|Marksmanship|Master Martial Artist|Natural Weapons|OfficalBalloony459|Radiation Immunity|Reflexes|Regeneration|Rotemeg|Self-Sustenance|Separation|Shapeshifting|Size Changing|Space Survivability|Stamina|Stealth|Super Speed|Super Strength|Surface Scaling|Underwater breathing|Vision - Night|Wallcrawling|mtrindadc|sonofchthon|yes
spidermonkey,Spidermonkey,Arachnichimp,https://www.superherodb.com/pictures2/portraits/10/050/20875.jpg,65,25,25,30,40,90,Accelerated Healing|Acrobatics|Adaptation|Agility|Aleazlllll|All Users|Amalgamcomics00's Epic Inter-universe Crossover|Amalgamcomics00's Favorite Ben 10 Aliens|Amalgamcomics00's Favorite Characters From Favorite Franchises|Amalgamcomics00's Top 10 Favorite Ben 10 Aliens|Ambush|Animal Attributes|Animal Oriented Powers|Ben 10 - Ben 10|Ben 10 Aliens|Ben 10 Aliens(no Ultimates)|Ben 10 Franchise|Cartoon Network|Danger Sense|Dexterity|Durability|Endurance|Enhanced Condition|Enhanced Hearing|Enhanced Sight|Enhanced Smell|Extrasensory Perception|Galactus|Grappling/Climbing|Indomitable Will|Intelligence|Jaw Strength|Jump|Longevity|Marksmanship|Master Martial Artist|Multiple Limbs|My Favorite Fictional Characters|OfficalBalloony459|Reflexes|Rotemeg|Spatial Awareness|Stamina|Stealth|Substance Secretion|Super Speed|Super Strength|Supernatural Condition|Surface Scaling|Toxin and Disease Resistance|Vision - Night|Wallcrawling|Web Creation|Zeroframe|mtrindadc|sonofchthon|yes
spitter,Spitter,Sphoeroid,https://www.superherodb.com/pictures2/portraits/10/050/22166.jpg,50,25,25,50,35,35,Accelerated Healing|Acid Manipulation|Acid Resistance|Acidic Spit|Adaptation|Agility|Aleazlllll|All Users|Ambush|Animal Attributes|Ben 10 - Ben 10|Ben 10 Aliens|Ben 10 Aliens(no Ultimates)|Ben 10 Franchise|Cartoon Network|Danger Sense|Dexterity|Durability|Endurance|Enhanced Condition|Galactus|Heat Resistance|Intelligence|Jump|OfficalBalloony459|Reflexes|Rotemeg|Self-Sustenance|Space Survivability|Spitter|Stamina|Super Speed|Super Strength|Toxin and Disease Control|Toxin and Disease Resistance|Vision - Night|Zeroframe|mtrindadc|sonofchthon|yes
stinkfly,Stinkfly,Lepidopterran,https://www.superherodb.com/pictures2/portraits/10/050/21987.jpg,50,25,55,50,40,45,Accelerated Healing|Acid Manipulation|Acid Resistance|Acidic Spit|Acrobatics|Adaptation|Agility|Aleazlllll|All Users|Ambush|Animal Attributes|Animal Oriented Powers|Ben 10 - Ben 10|Ben 10 Aliens|Ben 10 Aliens(no Ultimates)|Ben 10 Franchise|Cartoon Network|Danger Sense|Danmaku|Dexterity|Durability|Endurance|Enhanced Condition|Enhanced Hearing|Enhanced Sight|Enhanced Smell|Extrasensory Perception|Flight|Galactus|Heat Resistance|Indomitable Will|Intelligence|Invulnerability|Jump|Levitation|Longevity|Marksmanship|Natural Armor|Natural Weapons|OfficalBalloony459|Reflexes|Rotemeg|Stamina|Stealth|Stinkfly|Substance Secretion|Super Breath|Super Speed|Super Strength|Supernatural Condition|Surface Scaling|Toxin and Disease Control|Toxin and Disease Resistance|Vision - Night|Wallcrawling|Wind Control|Zeroframe|mtrindadc|sonofchthon|yes
swampfire,Swampfire,Methanosian,https://www.superherodb.com/pictures2/portraits/10/050/20877.jpg,65,85,25,90,85,90,Accelerated Development|Accelerated Healing|Acid Manipulation|Acid Resistance|Acrobatics|Adaptation|Agility|Aleazlllll|All Users|Amalgamcomics00's Epic Inter-universe Crossover|Ambush|Ben 10 - Ben 10|Ben 10 Aliens|Ben 10 Aliens(no Ultimates)|Ben 10 Franchise|Berserk Mode|Cartoon Network|Cold Resistance|Danger Sense|Danmaku|Dexterity|Dig|Durability|Elasticity|Endurance|Energy Beams|Energy Blasts|Energy Resistance|Enhanced Condition|Enhanced Hearing|Enhanced Sight|Enhanced Smell|Explosion Manipulation|Extrasensory Perception|Fire Control|Fire Resistance|Flight|Galactus|Heat Generation|Heat Resistance|Immortality|Indomitable Will|Intangibility|Intelligence|Invulnerability|Jaw Strength|Jump|Levitation|Life Manipulation|Light Control|Longevity|Marksmanship|Master Martial Artist|Mind Control|Natural Armor|Natural Weapons|OfficalBalloony459|Phasing|Plant Control|Radiation Immunity|Reactive Power Level|Reflexes|Regeneration|Rotemeg|Seismic Power|Self-Sustenance|Shockwaves Generation|Sleep Manipulation|Space Survivability|Spatial Awareness|Stamina|Status Effect Inducement|Stealth|Substance Secretion|Subterranean|Super Breath|Super Speed|Super Strength|Supernatural Condition|Surface Scaling|Telepathy|Tentacles|Terrakinesis|Toxin and Disease Control|Toxin and Disease Resistance|Underwater breathing|Vision - Night|Wallcrawling|Weapons Master|Zeroframe|mtrindadc|sonofchthon|yes
terraspin,Terraspin,Geochelone Aerio,https://www.superherodb.com/pictures2/portraits/10/050/22167.jpg,50,25,25,85,60,50,Accelerated Healing|Adaptation|Agility|Aleazlllll|All Users|Amalgamcomics00's Epic Inter-universe Crossover|Ambush|Animal Attributes|Animal Oriented Powers|Attack Reflection|Ben 10 - Ben 10|Ben 10 Aliens|Ben 10 Aliens(no Ultimates)|Ben 10 Franchise|Cartoon Network|Cold Resistance|Danger Sense|Dexterity|Durability|Endurance|Energy Resistance|Enhanced Condition|Flight|Galactus|Gliding|Heat Resistance|Indomitable Will|Intelligence|Invulnerability|Jump|Levitation|Longevity|Magic|Magic Resistance|My Favorite Fictional Characters|Natural Armor|Natural Weapons|OfficalBalloony459|Radiation Immunity|Reflexes|Rotemeg|Stamina|Stealth|Super Speed|Super Strength|Supernatural Condition|Toxin and Disease Resistance|Vision - Night|Vortex Creation|Wind Control|Zeroframe|mtrindadc|sonofchthon|yes
the_worst,The Worst,Atrocian,https://www.superherodb.com/pictures2/portraits/10/050/22168.jpg,40,1,1,90,1,1,Acid Resistance|Aleazlllll|All Users|Ambush|Ben 10 - Ben 10|Ben 10 Aliens|Ben 10 Aliens(no Ultimates)|Ben 10 Franchise|Cartoon Network|Durability|Endurance|Energy Resistance|Galactus|Heat Resistance|Intelligence|Invulnerability|Longevity|OfficalBalloony459|Rotemeg|Stealth|Toxin and Disease Resistance|Zeroframe|mtrindadc|sonofchthon|yes
toepick,Toepick,,https://www.superherodb.com/pictures2/portraits/10/050/22169.jpg,45,25,6,50,60,10,Acid Manipulation|Aleazlllll|All Users|Ambush|Ben 10 - Ben 10|Ben 10 Aliens|Ben 10 Aliens(no Ultimates)|Ben 10 Franchise|Cartoon Network|Dexterity|Durability|Fear Inducement|Fear Manipulation|Galactus|Intelligence|Madness Manipulation|Natural Weapons|OfficalBalloony459|Rotemeg|Status Effect Inducement|Super Strength|Toxin and Disease Control|Zeroframe|mtrindadc|sonofchthon|yes
ultimate_big_chill,Ultimate Big Chill,Evolved Necrofriggian,https://www.superherodb.com/pictures2/portraits/10/050/21718.jpg,75,55,80,90,90,85,Accelerated Healing|Adaptation|Agility|Aleazlllll|All Users|Ambush|Animal Attributes|Animal Oriented Powers|Ben 10 - Ben 10|Ben 10 Aliens|Ben 10 Franchise|Berserk Mode|Camouflage|Cartoon Network|Cloaking|Cold Resistance|Damage Boost|Danger Sense|Dexterity|Durability|Element Control|Endurance|Energy Resistance|Enhanced Condition|Enhanced Hearing|Enhanced Sight|Enhanced Touch|Fire Control|Fire Resistance|Flight|Galactus|Gliding|Heat Generation|Heat Resistance|Ice Manipulation|Immortality|Indestructible Digestion|Indomitable Will|Intangibility|Intelligence|Interstellar Travel|Invisibility|Invulnerability|Jaw Strength|Jump|Levitation|Longevity|Marksmanship|Master Martial Artist|Mind Control Resistance|Natural Weapons|Non-Physical Interaction|OfficalBalloony459|Phasing|Possession Resistance|Radiation Immunity|Reactive Evolution|Reactive Power Level|Reflexes|Rotemeg|Self-Sustenance|Shockwaves Generation|Space Survivability|Spaceflight|Spatial Awareness|Spatial Communication|Stamina|Statistics Amplification|Stealth|Super Breath|Super Speed|Super Strength|Supernatural Condition|Surface Scaling|Toxin and Disease Resistance|Underwater breathing|Vision - Night|Water Control|Weather Control|Wind Control|Wing Manifestation|Zeroframe|mtrindadc|sonofchthon|yes
ultimate_cannonbolt,Ultimate Cannonbolt,Evolved Arburian Pelarota,https://www.superherodb.com/pictures2/portraits/10/050/21719.jpg,50,90,35,100,85,85,Accelerated Healing|Acid Resistance|Adaptation|Agility|Aleazlllll|All Users|Ambush|Animal Attributes|Animal Oriented Powers|Attack Reflection|Ben 10 - Ben 10|Ben 10 Aliens|Ben 10 Franchise|Berserk Mode|Cartoon Network|Cold Resistance|Damage Boost|Danger Sense|Danmaku|Dexterity|Durability|Echolocation|Electricity Resistance|Endurance|Energy Resistance|Enhanced Condition|Enhanced Hearing|Extrasensory Perception|Fire Resistance|Galactus|Heat Resistance|Immortality|Indomitable Will|Intelligence|Invulnerability|Jaw Strength|Jump|Longevity|Master Martial Artist|Natural Armor|Natural Weapons|OfficalBalloony459|Radiation Immunity|Reactive Evolution|Reactive Power Level|Reflexes|Rotemeg|Seismic Power|Self-Sustenance|Shockwaves Generation|Space Survivability|Spatial Awareness|Stamina|Statistics Amplification|Super Speed|Super Strength|Surface Scaling|Toxin and Disease Resistance|Transformation|Wind Control|Zeroframe|mtrindadc|sonofchthon|yes
ultimate_echo_echo,Ultimate Echo Echo,Evolved Sonorossian,https://www.superherodb.com/pictures2/portraits/10/050/21720.jpg,65,50,80,95,90,90,Accelerated Healing|Acrobatics|Adaptation|Agility|Aleazlllll|All Users|Ambush|Attack Reflection|Audio Alteration|Audio Control|Ben 10 - Ben 10|Ben 10 Aliens|Ben 10 Franchise|Berserk Mode|Cartoon Network|Cold Resistance|Damage Boost|Danger Sense|Dexterity|Duplication|Durability|Echolocation|Emotional Power Up|Endurance|Energy Resistance|Enhanced Condition|Enhanced Hearing|Enhanced Sight|Extrasensory Perception|Fire Resistance|Flight|Force Fields|Galactus|Heat Resistance|Immortality|Indomitable Will|Intelligence|Interstellar Travel|Invulnerability|Jump|Levitation|Longevity|Marksmanship|Master Martial Artist|Natural Armor|Natural Weapons|OfficalBalloony459|Power Suit|Radar Sense|Radiation Immunity|Reactive Evolution|Reactive Power Level|Reflexes|Rotemeg|Seismic Power|Self-Sustenance|Shockwaves Generation|Sonar|Sonic Scream|Space Survivability|Spaceflight|Spatial Awareness|Spatial Communication|Stamina|Statistics Amplification|Stealth|Super Breath|Super Speed|Super Strength|Supernatural Condition|Toxin and Disease Resistance|Vibration Manipulation|Vision - Night|Weapon-based Powers|Weapons Master|Wind Control|Zeroframe|mtrindadc|sonofchthon|yes
ultimate_humungosaur,Ultimate Humungosaur,Evolved Vaxasaurian,https://www.superherodb.com/pictures2/portraits/10/050/21721.jpg,50,100,25,100,90,90,Accelerated Healing|Adaptation|Agility|Aleazlllll|All Users|Ambush|Animal Attributes|Animal Oriented Powers|Ben 10 - Ben 10|Ben 10 Aliens|Ben 10 Franchise|Berserk Mode|Cartoon Network|Cold Resistance|Damage Boost|Danger Sense|Danmaku|Dexterity|Durability|Durability Negation|Emotional Power Up|Endurance|Energy Blasts|Energy Resistance|Enhanced Condition|Enhanced Hearing|Enhanced Sight|Enhanced Smell|Explosion Manipulation|Fire Resistance|Galactus|Heat Generation|Heat Resistance|Immortality|Indomitable Will|Intelligence|Invulnerability|Jaw Strength|Jump|Large Size|Longevity|Marksmanship|Master Martial Artist|Natural Armor|Natural Weapons|OfficalBalloony459|Radiation Immunity|Rage Power|Reactive Evolution|Reactive Power Level|Reflexes|Rotemeg|Seismic Power|Self-Sustenance|Shockwaves Generation|Space Survivability|Stamina|Statistics Amplification|Super Breath|Super Speed|Super Strength|Supernatural Condition|Toxin and Disease Resistance|Vibration Manipulation|Vision - Night|Weapon Creation|Weapon-based Powers|Weapons Master|Zeroframe|mtrindadc|sonofchthon|yes
ultimate_spidermonkey,Ultimate Spidermonkey,Evolved Arachnichimp,https://www.superherodb.com/pictures2/portraits/10/050/21722.jpg,65,55,25,75,50,95,Accelerated Development|Accelerated Healing|Acrobatics|Adaptation|Agility|Aleazlllll|All Users|Ambush|Animal Attributes|Animal Oriented Powers|Ben 10 - Ben 10|Ben 10 Aliens|Ben 10 Franchise|Berserk Mode|Cartoon Network|Cold Resistance|Danger Sense|Dexterity|Durability|Endurance|Enhanced Condition|Enhanced Hearing|Enhanced Sight|Enhanced Smell|Extrasensory Perception|Fire Resistance|Galactus|Grappling/Climbing|Heat Resistance|Immortality|Indomitable Will|Intelligence|Invulnerability|Jaw Strength|Jump|Longevity|Marksmanship|Master Martial Artist|Multiple Limbs|Natural Weapons|OfficalBalloony459|Radiation Immunity|Reactive Evolution|Reactive Power Level|Reflexes|Rotemeg|Self-Sustenance|Shockwaves Generation|Space Survivability|Spatial Awareness|Stamina|Statistics Amplification|Stealth|Substance Secretion|Super Speed|Super Strength|Supernatural Condition|Surface Scaling|Toxin and Disease Resistance|Vision - Night|Wallcrawling|Web Creation|Zeroframe|mtrindadc|sonofchthon|yes
ultimate_swampfire,Ultimate Swampfire,Evolved Methanosian,https://www.superherodb.com/pictures2/portraits/10/050/21723.jpg,65,100,25,100,90,90,Accelerated Development|Accelerated Healing|Acid Manipulation|Acid Resistance|Acrobatics|Adaptation|Agility|Aleazlllll|All Users|Ambush|Ben 10 - Ben 10|Ben 10 Aliens|Ben 10 Franchise|Berserk Mode|Cartoon Network|Cold Resistance|Damage Boost|Danger Sense|Danmaku|Dexterity|Dig|Durability|Endurance|Energy Beams|Energy Blasts|Energy Manipulation|Energy Resistance|Enhanced Condition|Enhanced Hearing|Enhanced Sight|Enhanced Smell|Explosion Manipulation|Extrasensory Perception|Fire Control|Fire Resistance|Flight|Galactus|Heat Generation|Heat Resistance|Immortality|Indomitable Will|Intelligence|Invulnerability|Jaw Strength|Jump|Levitation|Light Control|Longevity|Marksmanship|Master Martial Artist|Natural Armor|Natural Weapons|OfficalBalloony459|Plant Control|Radiation Immunity|Reactive Evolution|Reactive Power Level|Reflexes|Rotemeg|Seismic Power|Self-Sustenance|Shockwaves Generation|Sleep Manipulation|Space Survivability|Spatial Awareness|Stamina|Statistics Amplification|Status Effect Inducement|Stealth|Substance Secretion|Subterranean|Super Breath|Super Speed|Super Strength|Supernatural Condition|Surface Scaling|Terrakinesis|Toxin and Disease Control|Toxin and Disease Resistance|Underwater breathing|Vision - Night|Wallcrawling|Weapons Master|Zeroframe|mtrindadc|sonofchthon|yes
ultimate_way_big,Ultimate Way Big,Evolved To'kustar,https://www.superherodb.com/pictures2/portraits/10/050/21555.jpg,65,100,100,100,100,90,Accelerated Development|Accelerated Healing|Acrobatics|Adaptation|Agility|Aleazlllll|All Users|Ambush|Attack Reflection|Ben 10 - Ben 10|Ben 10 Aliens|Ben 10 Franchise|Berserk Mode|Bullet Time|Cartoon Network|Cold Resistance|Danger Sense|Dexterity|Durability|Endurance|Energy Beams|Energy Blasts|Energy Resistance|Enhanced Condition|Enhanced Hearing|Enhanced Sight|Extrasensory Perception|Fire Resistance|Flight|Galactus|Heat Resistance|Immortality|Indomitable Will|Intelligence|Interstellar Travel|Invulnerability|Jump|Large Size|Laser Manipulation|Levitation|List Of Characters Taller Than A Building Or A Tower|Longevity|Master Martial Artist|Natural Armor|Natural Weapons|Non-Physical Interaction|OfficalBalloony459|Radiation Immunity|Reactive Evolution|Reactive Power Level|Reflexes|Rotemeg|Seismic Power|Self-Sustenance|Shockwaves Generation|Space Survivability|Spaceflight|Stamina|Statistics Amplification|Super Speed|Super Strength|Supernatural Condition|Surface Scaling|Toxin and Disease Resistance|Vibration Manipulation|Vision - Microscopic|Vision - Night|Vision - Telescopic|Vortex Creation|Weapons Master|Weather Control|Wind Control|Zeroframe|mtrindadc|sonofchthon|yes
ultimate_wildmutt,Ultimate Wildmutt,Evolved Vulpimancer,https://www.superherodb.com/pictures2/portraits/10/050/21724.jpg,55,25,25,75,40,85,Accelerated Development|Accelerated Healing|Acrobatics|Adaptation|Agility|Aleazlllll|All Users|Ambush|Animal Attributes|Animal Oriented Powers|Ben 10 - Ben 10|Ben 10 Aliens|Ben 10 Franchise|Berserk Mode|Cartoon Network|Cold Resistance|Damage Boost|Danger Sense|Dexterity|Dig|Durability|Endurance|Energy Resistance|Enhanced Condition|Enhanced Hearing|Enhanced Smell|Extrasensory Perception|Fire Resistance|Galactus|Heat Resistance|Hunters Instinct|Immortality|Indomitable Will|Intelligence|Invulnerability|Jaw Strength|Jump|Longevity|Master Martial Artist|Natural Armor|Natural Weapons|OfficalBalloony459|Radar Sense|Radiation Immunity|Reactive Evolution|Reactive Power Level|Reflexes|Rotemeg|Sonar|Spatial Awareness|Stamina|Statistics Amplification|Stealth|Super Speed|Super Strength|Supernatural Condition|Surface Scaling|Toxin and Disease Resistance|Vision - Infrared|Vision - Night|Vision - Thermal|Wallcrawling|Zeroframe|mtrindadc|sonofchthon|yes
upchuck,Upchuck,Gourmand,https://www.superherodb.com/pictures2/portraits/10/050/21988.jpg,50,25,25,50,65,45,Accelerated Healing|Acid Manipulation|Acidic Spit|Acrobatics|Adaptation|Agility|Aleazlllll|All Users|Amalgamcomics00's Epic Inter-universe Crossover|Ambush|Animal Attributes|Attack Reflection|Ben 10 - Ben 10|Ben 10 Aliens|Ben 10 Aliens(no Ultimates)|Ben 10 Franchise|Cartoon Network|Cold Resistance|Danger Sense|Danmaku|Dexterity|Dimension Storage|Durability|Endurance|Energy Absorption|Energy Beams|Energy Blasts|Energy Resistance|Enhanced Condition|Enhanced Hearing|Enhanced Sight|Enhanced Smell|Enhanced Taste|Explosion Manipulation|Fire Resistance|Flight|Galactus|Heat Resistance|Indestructible Digestion|Indomitable Will|Intelligence|Invulnerability|Jaw Strength|Jump|Longevity|Natural Weapons|OfficalBalloony459|Pocket Dimensions|Radiation Absorption|Radiation Immunity|Reflexes|Rotemeg|Self-Sustenance|Space Survivability|Spaceflight|Stamina|Statistics Amplification|Stealth|Substance Secretion|Super Breath|Super Speed|Super Strength|Supernatural Condition|Surface Scaling|Tentacles|Toxin and Disease Control|Toxin and Disease Resistance|Vision - Night|Zeroframe|mtrindadc|sonofchthon|yes
upgrade,Upgrade,Galvanic Mechamorph,https://www.superherodb.com/pictures2/portraits/10/050/20878.jpg,85,55,25,100,85,75,Accelerated Development|Accelerated Healing|Acrobatics|Adaptation|Agility|Aleazlllll|All Users|Amalgamcomics00's Epic Inter-universe Crossover|Amalgamcomics00's Favorite Ben 10 Aliens|Amalgamcomics00's Favorite Characters From Favorite Franchises|Amalgamcomics00's Top 10 Favorite Ben 10 Aliens|Ambush|Attack Reflection|Ben 10 - Ben 10|Ben 10 Aliens|Ben 10 Aliens(no Ultimates)|Ben 10 Franchise|Cartoon Network|Cold Resistance|Danger Sense|Density Control|Dexterity|Durability|Elasticity|Electrical Transport|Electrokinesis|Endurance|Energy Beams|Energy Blasts|Energy Constructs|Energy Resistance|Enhanced Condition|Enhanced Hearing|Enhanced Sight|Flight|Galactus|Gliding|Hacking|Immortality|Indomitable Will|Information Analysis|Inorganic Physiology|Intelligence|Interstellar Travel|Invulnerability|Jump|Laser Manipulation|Levitation|Light Control|Longevity|Marksmanship|Master Martial Artist|Mechanical Aptitude|Multiple Limbs|My Favorite Fictional Characters|Nanotechnology|Natural Armor|Natural Weapons|OfficalBalloony459|Phasing|Plasma Manipulation|Preparation|Projection|Radar Sense|Radiation Immunity|Reflexes|Regeneration|Robotic Engineering|Rotemeg|Self-Destruction|Self-Sustenance|Shapeshifting|Size Changing|Sonar|Space Survivability|Spaceflight|Spatial Communication|Stamina|Statistics Amplification|Stealth|Super Speed|Super Strength|Supernatural Condition|Surface Scaling|Symbiotic Regeneration|Technological Possession|Technopath/Cyberpath|Telekinesis|Tentacles|Transformation|Upgrade|Vehicular Mastery|Vision - Heat|Vision - Infrared|Vision - Microscopic|Vision - Night|Vision - Telescopic|Vision - Thermal|Weapon Creation|Weapon-based Powers|Weapons Master|Wing Manifestation|Zeroframe|mtrindadc|sonofchthon|yes
walkatrout,Walkatrout,Ickthyperambuloid,https://www.superherodb.com/pictures2/portraits/10/050/22170.jpg,50,1,14,40,15,1,Acrobatics|Adaptation|Agility|Aleazlllll|All Users|Ambush|Amphibious Respiration|Animal Attributes|Animal Oriented Powers|Ben 10 - Ben 10|Ben 10 Aliens|Ben 10 Aliens(no Ultimates)|Ben 10 Franchise|Cartoon Network|Cold Resistance|Dexterity|Durability|Endurance|Enhanced Smell|Galactus|Intelligence|Jump|Longevity|Mind Control Resistance|OfficalBalloony459|Reflexes|Rotemeg|Stamina|Stealth|Sub-Mariner|Super Speed|Underwater breathing|Vision - Night|Zeroframe|mtrindadc|sonofchthon|yes
water_hazard,Water Hazard,Orishan,https://www.superherodb.com/pictures2/portraits/10/050/22171.jpg,55,55,25,90,65,70,Accelerated Healing|Acrobatics|Adaptation|Agility|Aleazlllll|All Users|Amalgamcomics00's Epic Inter-universe Crossover|Ambush|Amphibious Respiration|Animal Attributes|Ben 10 - Ben 10|Ben 10 Aliens|Ben 10 Aliens(no Ultimates)|Ben 10 Franchise|Cartoon Network|Cold Resistance|Danger Sense|Dexterity|Durability|Endurance|Energy Resistance|Enhanced Condition|Enhanced Sight|Flight|Galactus|Indomitable Will|Intelligence|Invulnerability|Jump|Longevity|Marksmanship|Master Martial Artist|Natural Armor|Natural Weapons|Radiation Immunity|Reflexes|Rotemeg|Self-Sustenance|Stamina|Stealth|Super Speed|Super Strength|Toxin and Disease Resistance|Underwater breathing|Vision - Night|Water Control|Weapons Master|Zeroframe|mtrindadc|sonofchthon|yes
way_big,Way Big,To'kustar,https://www.superherodb.com/pictures2/portraits/10/050/20879.jpg,60,100,100,100,100,85,Accelerated Healing|Acrobatics|Adaptation|Agility|Aleazlllll|All Users|Amalgamcomics00's Epic Inter-universe Crossover|Amalgamcomics00's Favorite Ben 10 Aliens|Amalgamcomics00's Favorite Characters From Favorite Franchises|Ambush|Ben 10 - Ben 10|Ben 10 Aliens|Ben 10 Aliens(no Ultimates)|Ben 10 Franchise|Berserk Mode|Bullet Time|Cartoon Network|Cold Resistance|Danger Sense|Death Battle Combatants|Dexterity|Durability|Endurance|Energy Beams|Energy Blasts|Energy Resistance|Enhanced Condition|Enhanced Hearing|Enhanced Sight|Extrasensory Perception|Fire Resistance|Galactus|Godzilla2010|Heat Resistance|Indomitable Will|Intelligence|Invulnerability|Jump|Large Size|Laser Manipulation|List Of Characters Taller Than A Building Or A Tower|Longevity|Master Martial Artist|My Favorite Fictional Characters|Natural Armor|Natural Weapons|Radiation Immunity|Reactive Power Level|Reflexes|Rotemeg|Seismic Power|Self-Sustenance|Shockwaves Generation|Space Survivability|Stamina|Statistics Amplification|Super Speed|Super Strength|Supernatural Condition|Toxin and Disease Resistance|Vibration Manipulation|Vision - Microscopic|Vision - Night|Vision - Telescopic|Vortex Creation|Way Big|Weapons Master|Weather Control|Wind Control|Zeroframe|mtrindadc|sonofchthon|yes
whampire,Whampire,Vladat,https://www.superherodb.com/pictures2/portraits/10/050/22172.jpg,70,75,50,85,85,90,Accelerated Development|Accelerated Healing|Acrobatics|Adaptation|Agility|Aleazlllll|All Users|Ambush|Animal Attributes|Animal Control|Animal Oriented Powers|Audio Control|Ben 10 - Ben 10|Ben 10 Aliens|Ben 10 Aliens(no Ultimates)|Ben 10 Franchise|Berserk Mode|Cartoon Network|Cold Resistance|Danger Sense|Danmaku|Dexterity|Durability|Endurance|Energy Absorption|Energy Resistance|Enhanced Condition|Enhanced Hearing|Enhanced Sight|Enhanced Smell|Enhanced Taste|Explosion Manipulation|Fear Inducement|Fear Manipulation|Flight|Galactus|Gliding|Godzilla2010|Hypnokinesis|Immortality|Indomitable Will|Intelligence|Interstellar Travel|Invulnerability|Jaw Strength|Jump|Levitation|Life-Force Absorption|Longevity|Marksmanship|Master Martial Artist|Mind Control|Mind Control Resistance|Natural Armor|Natural Weapons|Radiation Immunity|Reactive Power Level|Reflexes|Rotemeg|Self-Sustenance|Shockwaves Generation|Smoke Manipulation|Space Survivability|Spaceflight|Spatial Awareness|Spatial Communication|Stamina|Statistics Amplification|Stealth|Super Speed|Super Strength|Supernatural Condition|Surface Scaling|Toxin and Disease Resistance|Transformation|Venomous Bite|Vision - Infrared|Vision - Microscopic|Vision - Night|Vision - Telescopic|Vision - X-Ray|Wallcrawling|Zeroframe|mtrindadc|sonofchthon|yes
wildmutt,Wildmutt,Vulpimancer,https://www.superherodb.com/pictures2/portraits/10/050/20880.jpg,50,25,25,50,30,85,Accelerated Development|Accelerated Healing|Acrobatics|Adaptation|Agility|Aleazlllll|All Users|Ambush|Animal Attributes|Animal Oriented Powers|Ben 10 - Ben 10|Ben 10 Aliens|Ben 10 Aliens(no Ultimates)|Ben 10 Franchise|Berserk Mode|Cartoon Network|Danger Sense|Dexterity|Dig|Durability|Endurance|Enhanced Condition|Enhanced Hearing|Enhanced Smell|Extrasensory Perception|Galactus|Godzilla2010|Heat Resistance|Hunters Instinct|Indomitable Will|Intelligence|Jaw Strength|Jump|Longevity|Master Martial Artist|My Favorite Fictional Characters|Natural Weapons|Radar Sense|Reflexes|Roleplaying Collection|Rotemeg|Sonar|Spatial Awareness|Stamina|Stealth|Super Speed|Super Strength|Supernatural Condition|Surface Scaling|Vision - Infrared|Vision - Night|Vision - Thermal|Wallcrawling|Zeroframe|mtrindadc|sonofchthon|yes
wildvine,Wildvine,Florauna,https://www.superherodb.com/pictures2/portraits/10/050/21989.jpg,55,25,25,80,65,50,Accelerated Development|Accelerated Healing|Acrobatics|Adaptation|Agility|Aleazlllll|All Users|Amalgamcomics00's Epic Inter-universe Crossover|Amalgamcomics00's Favorite Ben 10 Aliens|Amalgamcomics00's Favorite Characters From Favorite Franchises|Ambush|Ben 10 - Ben 10|Ben 10 Aliens|Ben 10 Aliens(no Ultimates)|Ben 10 Franchise|Camouflage|Cartoon Network|Danger Sense|Dexterity|Dig|Durability|Elasticity|Endurance|Enhanced Condition|Enhanced Hearing|Enhanced Sight|Enhanced Smell|Explosion Manipulation|Extrasensory Perception|Galactus|Godzilla2010|Immortality|Indomitable Will|Intelligence|Invulnerability|Jim Ward|Jump|Longevity|Marksmanship|Master Martial Artist|Mind Control Resistance|Multiple Limbs|Natural Weapons|Plant Control|Reflexes|Regeneration|Rotemeg|Self-Sustenance|Shockwaves Generation|Size Changing|Stamina|Status Effect Inducement|Stealth|Subterranean|Super Speed|Super Strength|Supernatural Condition|Surface Scaling|Tentacles|Toxin and Disease Control|Toxin and Disease Resistance|Vision - Night|Wallcrawling|Wildvine|Zeroframe|mtrindadc|sonofchthon|yes
xlr8,XLR8,Kineceleran,https://www.superherodb.com/pictures2/portraits/10/050/20881.jpg,60,25,100,60,70,90,Accelerated Development|Accelerated Healing|Acrobatics|Adaptation|Agility|Aleazlllll|All Users|Amalgamcomics00's Epic Inter-universe Crossover|Amalgamcomics00's Favorite Ben 10 Aliens|Amalgamcomics00's Favorite Characters From Favorite Franchises|Amalgamcomics00's Top 10 Favorite Ben 10 Aliens|Ambush|Animal Attributes|Ben 10 - Ben 10|Ben 10 Aliens|Ben 10 Aliens(no Ultimates)|Ben 10 Franchise|Bullet Time|Cartoon Network|Danger Sense|Death Battle Combatants|Dexterity|Durability|Endurance|Enhanced Condition|Enhanced Hearing|Enhanced Sight|Extrasensory Perception|Fire Resistance|Galactus|Godzilla2010|Heat Resistance|Indomitable Will|Intelligence|Invisibility|Invulnerability|Jim Ward|Jump|Longevity|Master Martial Artist|My Favorite Fictional Characters|Natural Armor|Natural Weapons|Physics Manipulation|Pressure Points|Reflexes|Regeneration|Roleplaying Collection|Rotemeg|Shockwaves Generation|Spatial Awareness|Stamina|Stealth|Super Speed|Super Strength|Supernatural Condition|Surface Scaling|Toxin and Disease Resistance|Vision - Night|Vortex Creation|Wind Control|Zeroframe|mtrindadc|sonofchthon|yes
